{"name":"079c9cd5-362f-474f-a802-2d68ab7f7552","id":"/providers/Microsoft.Flow/flows/079c9cd5-362f-474f-a802-2d68ab7f7552","type":"Microsoft.Flow/flows","properties":{"apiId":"/providers/Microsoft.PowerApps/apis/shared_logicflows","displayName":"Unhelpful Analysis ","definition":{"metadata":{"workflowEntityId":null,"processAdvisorMetadata":null,"flowChargedByPaygo":null,"flowclientsuspensionreason":"None","flowclientsuspensiontime":null,"flowclientsuspensionreasondetails":null,"creator":{"id":"c03de37e-2ac2-4be8-ad82-17070a25e7a5","type":"User","tenantId":"2e2979c5-648f-410d-8fb1-1b54305c7223"},"provisioningMethod":"FromDefinition","failureAlertSubscription":true,"clientLastModifiedTime":"2024-11-28T02:46:54.4981344Z","connectionKeySavedTimeKey":"2024-11-28T02:46:54.4981344Z"},"$schema":"https://schema.management.azure.com/providers/Microsoft.Logic/schemas/2016-06-01/workflowdefinition.json#","contentVersion":"1.0.0.0","parameters":{"$authentication":{"defaultValue":{},"type":"SecureObject"},"$connections":{"defaultValue":{},"type":"Object"}},"triggers":{"When_a_file_is_created":{"recurrence":{"frequency":"Minute","interval":5},"metadata":{"b!FWwJ9sWl5Eq5N3BI-x9aEWrnfQWMmzxPgS_LQ7tEzp30loFAyo-KRK5TkFH-gLAj.01J7SSSYBIMXPX2WAM7JAYQ47C4LEALQAC":"/Unhelpful csv"},"type":"OpenApiConnection","inputs":{"parameters":{"folderId":"b!FWwJ9sWl5Eq5N3BI-x9aEWrnfQWMmzxPgS_LQ7tEzp30loFAyo-KRK5TkFH-gLAj.01J7SSSYBIMXPX2WAM7JAYQ47C4LEALQAC"},"host":{"apiId":"/providers/Microsoft.PowerApps/apis/shared_onedriveforbusiness","connectionName":"shared_onedriveforbusiness","operationId":"OnNewFileV2"},"authentication":"@parameters('$authentication')"}}},"actions":{"Create_text_with_GPT_using_a_prompt":{"runAfter":{},"metadata":{"flowSystemMetadata":{"portalOperationId":"aibuilderpredict_customprompt","portalOperationGroup":"aibuilder","portalOperationApiDisplayNameOverride":"AI Builder","portalOperationIconOverride":"https://content.powerapps.com/resource/makerx/static/pauto/images/designeroperations/aiBuilderNew.51dbdb6b.png","portalOperationBrandColorOverride":"#0A76C4","portalOperationApiTierOverride":"Standard"}},"type":"OpenApiConnection","inputs":{"parameters":{"recordId":"178249f0-fbac-4639-8dab-d665a02d836d","item/requestv2/outputUH":"@{triggerBody()}"},"host":{"apiId":"/providers/Microsoft.PowerApps/apis/shared_commondataserviceforapps","connectionName":"shared_commondataserviceforapps","operationId":"aibuilderpredict_customprompt"},"authentication":"@parameters('$authentication')"}},"Start_and_wait_for_an_approval":{"runAfter":{"Create_text_with_GPT_using_a_prompt":["Succeeded"]},"type":"OpenApiConnectionWebhook","inputs":{"parameters":{"approvalType":"Basic","WebhookApprovalCreationInput/title":"Approval - Unhelpful Analysis","WebhookApprovalCreationInput/assignedTo":"modonnell24@go.byuh.edu","WebhookApprovalCreationInput/details":"Approve to continue GPT process, reject to end process.","WebhookApprovalCreationInput/enableNotifications":true,"WebhookApprovalCreationInput/enableReassignment":true},"host":{"apiId":"/providers/Microsoft.PowerApps/apis/shared_approvals","connectionName":"shared_approvals","operationId":"StartAndWaitForAnApproval"},"authentication":"@parameters('$authentication')"}},"Send_an_email_(V2)":{"runAfter":{"Start_and_wait_for_an_approval":["Succeeded"]},"type":"OpenApiConnection","inputs":{"parameters":{"emailMessage/To":"modonnell24@go.byuh.edu","emailMessage/Subject":"@{outputs('Create_text_with_GPT_using_a_prompt')?['body/responsev2/predictionOutput/finishReason']}Unhelpful Analysis","emailMessage/Body":"<p class=\"editor-paragraph\">@{outputs('Create_text_with_GPT_using_a_prompt')?['body/responsev2/predictionOutput/text']}</p>","emailMessage/Importance":"Normal"},"host":{"apiId":"/providers/Microsoft.PowerApps/apis/shared_office365","connectionName":"shared_office365","operationId":"SendEmailV2"},"authentication":"@parameters('$authentication')"}}},"outputs":{}},"connectionReferences":{"shared_onedriveforbusiness":{"connectionName":"57364dcfd53147b793a36c8908c544e2","source":"Embedded","id":"/providers/Microsoft.PowerApps/apis/shared_onedriveforbusiness","tier":"NotSpecified"},"shared_commondataserviceforapps":{"connectionName":"shared-commondataser-bda0b27c-bd08-4b37-8d8d-877a439e8835","source":"Embedded","id":"/providers/Microsoft.PowerApps/apis/shared_commondataserviceforapps","tier":"NotSpecified"},"shared_approvals":{"connectionName":"shared-approvals-3d370fbc-a4cd-4571-812e-626d99f5908a","source":"Embedded","id":"/providers/Microsoft.PowerApps/apis/shared_approvals","tier":"NotSpecified"},"shared_office365":{"connectionName":"shared-office365-b57d0c64-4a3b-424d-9e08-cba63d0c54dc","source":"Embedded","id":"/providers/Microsoft.PowerApps/apis/shared_office365","tier":"NotSpecified"}},"flowFailureAlertSubscribed":false,"isManaged":false}}